day,year,mo,da,crime_date,temp,dewp,slp,visib,mxpsd,gust,max,min,prcp,sndp,fog,total_num_of_crimes
2,2019,01,01,2019-01-01,32.6,29.4,1019.8,7.7,19.0,28.0,39.9,28.0,0.66,999.9,0,37
3,2019,01,02,2019-01-02,29.5,25.7,1023.2,6.5,15.9,22.0,32.0,27.0,0.0,999.9,0,19
4,2019,01,03,2019-01-03,30.8,23.5,1017.9,9.7,12.0,20.0,41.0,25.0,0.0,999.9,0,25
5,2019,01,04,2019-01-04,37.9,28.0,1010.7,10.0,13.0,24.1,50.0,32.0,0.0,999.9,0,27
6,2019,01,05,2019-01-05,39.8,32.4,1009.9,10.0,13.0,19.0,53.1,30.9,0.0,999.9,0,29
7,2019,01,06,2019-01-06,40.2,32.3,1021.6,10.0,17.1,22.9,46.9,37.0,0.0,999.9,0,29
1,2019,01,07,2019-01-07,45.6,39.8,1011.7,8.8,21.0,29.9,55.4,39.9,0.0,999.9,0,25
2,2019,01,08,2019-01-08,42.8,35.2,1009.1,8.2,22.9,38.1,54.0,37.9,0.38,999.9,0,38
3,2019,01,09,2019-01-09,23.8,10.4,1022.7,9.6,22.0,35.9,39.0,19.4,0.0,999.9,0,23
4,2019,01,10,2019-01-10,19.4,8.2,1030.8,10.0,13.0,15.9,25.0,15.1,0.0,999.9,0,24
5,2019,01,11,2019-01-11,26.7,18.2,1029.6,9.5,9.9,18.1,30.9,21.0,0.0,999.9,0,37
6,2019,01,12,2019-01-12,30.3,24.3,1027.6,5.6,14.0,21.0,30.9,30.0,0.0,3.1,1,29
7,2019,01,13,2019-01-13,30.3,24.1,1028.9,6.9,17.1,24.1,32.0,28.4,0.07,3.1,0,17
1,2019,01,14,2019-01-14,26.2,20.4,1029.2,9.2,12.0,999.9,30.0,21.0,0.0,3.1,0,17
2,2019,01,15,2019-01-15,26.4,22.2,1023.9,6.5,15.9,27.0,28.9,24.1,0.0,3.1,0,31
3,2019,01,16,2019-01-16,32.4,25.2,1022.9,7.9,15.0,21.0,35.1,28.0,0.0,2.0,0,25
4,2019,01,17,2019-01-17,31.5,24.7,1022.1,7.5,11.1,999.9,36.0,28.9,0.0,1.2,0,32
5,2019,01,18,2019-01-18,31.5,24.2,1021.1,9.0,17.1,999.9,35.1,30.0,0.0,1.2,0,29
6,2019,01,19,2019-01-19,27.6,23.9,1018.5,4.7,22.9,33.0,30.9,25.0,0.03,5.9,0,19
7,2019,01,20,2019-01-20,14.8,5.8,1024.4,7.8,21.0,28.9,26.1,8.1,0.01,5.9,0,19
1,2019,01,21,2019-01-21,10.9,-0.2,1034.9,8.6,15.0,22.0,15.1,7.0,0.0,5.9,0,19
2,2019,01,22,2019-01-22,20.3,10.0,1026.1,7.7,14.0,26.0,33.1,10.9,0.0,5.1,0,34
3,2019,01,23,2019-01-23,31.4,29.8,1009.4,3.7,14.0,999.9,36.0,21.9,0.23,5.1,0,35
4,2019,01,24,2019-01-24,17.9,12.7,1012.5,6.8,18.1,28.9,23.0,10.9,0.07,3.9,0,25
5,2019,01,25,2019-01-25,2.8,-5.6,1024.2,8.9,20.0,28.0,17.1,-5.1,0.0,5.1,0,21
6,2019,01,26,2019-01-26,4.6,-3.6,1023.5,8.8,12.0,15.9,12.9,-5.1,0.0,5.1,0,22
7,2019,01,27,2019-01-27,5.5,-2.1,1020.7,8.3,11.1,18.1,12.9,-2.0,0.03,5.9,0,17
1,2019,01,28,2019-01-28,20.4,14.7,1009.7,4.3,19.0,28.0,35.1,8.1,0.15,7.1,1,13
2,2019,01,29,2019-01-29,6.4,-1.8,1015.1,7.5,20.0,31.1,18.0,-0.4,0.1,5.9,0,24
3,2019,01,30,2019-01-30,-13.5,-24.6,1025.1,10.0,19.0,28.9,0.0,-22.0,0.0,5.9,0,9
4,2019,01,31,2019-01-31,-12.5,-22.2,1032.8,9.1,12.0,22.0,-2.0,-20.0,0.0,5.9,0,14
5,2019,02,01,2019-02-01,9.2,2.6,1028.9,6.3,6.0,999.9,21.0,-2.0,0.03,7.1,0,28
6,2019,02,02,2019-02-02,26.6,22.0,1021.6,7.5,12.0,20.0,41.0,14.0,0.0,3.9,0,18
7,2019,02,03,2019-02-03,41.0,39.9,1011.9,6.5,12.0,22.9,46.0,36.0,0.0,1.2,0,19
1,2019,02,04,2019-02-04,47.3,45.1,1007.5,7.8,13.0,22.0,51.1,39.0,0.0,999.9,0,28
2,2019,02,05,2019-02-05,30.8,25.1,1018.6,9.9,13.0,19.0,39.0,27.0,0.02,999.9,0,21
3,2019,02,06,2019-02-06,34.5,32.7,1014.1,5.0,14.0,21.0,37.9,30.9,0.26,999.9,1,22
4,2019,02,07,2019-02-07,35.9,34.6,1010.5,3.9,22.0,36.9,46.4,30.0,0.33,999.9,1,36
5,2019,02,08,2019-02-08,11.5,1.6,1028.3,8.2,27.0,46.0,28.9,5.0,0.13,999.9,0,32
6,2019,02,09,2019-02-09,13.5,3.0,1045.3,10.0,14.0,18.1,26.1,7.0,0.0,999.9,0,38
7,2019,02,10,2019-02-10,24.9,16.4,1034.5,8.4,9.9,15.0,28.9,21.9,0.0,1.2,0,18
1,2019,02,11,2019-02-11,29.6,25.8,1022.2,5.5,15.0,999.9,32.0,27.0,0.04,1.2,0,28
2,2019,02,12,2019-02-12,31.6,29.8,1008.0,3.0,19.0,31.1,33.1,28.0,0.44,1.2,0,23
3,2019,02,13,2019-02-13,20.6,14.2,1014.3,6.8,22.9,35.0,28.4,12.9,0.01,1.2,0,15
4,2019,02,14,2019-02-14,36.8,28.5,1006.7,10.0,12.0,24.1,46.0,25.0,0.0,1.2,0,28
5,2019,02,15,2019-02-15,23.7,14.8,1010.1,9.3,20.0,31.1,44.1,10.9,0.0,999.9,0,31
6,2019,02,16,2019-02-16,22.2,12.1,1020.3,10.0,13.0,19.0,30.0,17.1,0.0,999.9,0,28
7,2019,02,17,2019-02-17,26.7,20.4,1015.2,7.5,15.0,22.0,28.9,25.0,0.0,999.9,0,27
1,2019,02,18,2019-02-18,26.8,21.9,1024.4,4.6,11.1,999.9,30.9,23.0,0.11,3.1,0,32
2,2019,02,19,2019-02-19,24.1,14.9,1036.5,10.0,8.9,999.9,33.1,14.0,0.02,2.0,0,23
3,2019,02,20,2019-02-20,31.6,26.7,1019.9,6.1,17.1,25.1,37.0,28.9,0.01,1.2,0,19
4,2019,02,21,2019-02-21,31.9,21.2,1019.8,9.8,18.1,28.0,35.6,27.0,0.03,1.2,0,38
5,2019,02,22,2019-02-22,30.4,20.4,1029.7,9.7,11.1,15.9,37.9,23.0,0.0,999.9,0,31
6,2019,02,23,2019-02-23,35.6,30.1,1020.7,7.0,9.9,999.9,39.0,33.1,0.0,999.9,0,29
7,2019,02,24,2019-02-24,36.3,31.5,1000.6,8.0,33.0,48.0,48.9,23.0,0.42,999.9,1,33
1,2019,02,25,2019-02-25,15.6,-0.1,1028.2,10.0,25.1,41.0,23.0,8.1,0.01,999.9,0,25
2,2019,02,26,2019-02-26,21.5,8.9,1033.2,9.6,15.0,19.0,25.0,18.0,0.0,999.9,0,27
3,2019,02,27,2019-02-27,26.3,16.5,1023.4,9.0,15.0,20.0,32.0,24.1,0.0,999.9,0,32
4,2019,02,28,2019-02-28,20.1,8.6,1025.6,10.0,15.0,20.0,28.0,12.9,0.0,999.9,0,34
5,2019,03,01,2019-03-01,28.6,19.6,1023.1,10.0,8.0,999.9,34.0,24.1,0.0,999.9,0,26
6,2019,03,02,2019-03-02,30.8,22.0,1022.9,8.7,13.0,20.0,35.1,28.0,0.0,999.9,0,26
7,2019,03,03,2019-03-03,23.8,10.4,1024.6,10.0,13.0,18.1,30.0,18.0,0.0,999.9,0,25
1,2019,03,04,2019-03-04,6.6,-6.9,1025.1,10.0,17.1,27.0,18.0,-2.0,0.0,999.9,0,29
2,2019,03,05,2019-03-05,13.2,0.0,1022.0,8.8,20.0,28.9,21.9,9.0,0.0,999.9,0,29
3,2019,03,06,2019-03-06,18.1,2.9,1027.3,10.0,18.1,26.0,32.0,10.0,0.0,999.9,0,27
4,2019,03,07,2019-03-07,24.2,10.7,1028.2,10.0,15.0,22.9,30.9,16.0,0.0,999.9,0,21
5,2019,03,08,2019-03-08,29.4,21.3,1024.0,8.0,8.0,999.9,39.0,23.0,0.0,999.9,0,37
6,2019,03,09,2019-03-09,35.0,28.7,1016.1,7.8,21.0,29.9,43.0,28.9,0.0,999.9,0,24
7,2019,03,10,2019-03-10,37.9,32.6,1008.5,8.9,28.9,47.0,44.1,35.1,0.37,999.9,0,19
1,2019,03,11,2019-03-11,33.3,19.0,1027.4,10.0,15.0,27.0,43.0,28.0,0.0,999.9,0,34
2,2019,03,12,2019-03-12,36.3,23.6,1028.0,10.0,13.0,24.1,48.9,26.1,0.0,999.9,0,34
3,2019,03,13,2019-03-13,47.1,37.5,1013.6,9.0,15.0,25.1,60.1,41.0,0.15,999.9,0,25
4,2019,03,14,2019-03-14,56.2,48.6,999.5,8.8,24.1,38.1,64.0,46.0,0.32,999.9,0,24
5,2019,03,15,2019-03-15,38.6,33.3,1008.6,8.3,22.9,38.1,45.0,35.6,0.32,999.9,0,23
6,2019,03,16,2019-03-16,35.5,20.6,1025.5,10.0,15.9,25.1,43.0,28.9,0.0,999.9,0,27
7,2019,03,17,2019-03-17,36.0,22.3,1025.3,9.9,15.0,26.0,45.0,28.9,0.0,999.9,0,23
1,2019,03,18,2019-03-18,36.1,23.6,1028.1,9.8,13.0,18.1,45.0,28.0,0.0,999.9,0,29
2,2019,03,19,2019-03-19,39.8,23.8,1029.2,10.0,12.0,18.1,50.0,30.0,0.0,999.9,0,27
3,2019,03,20,2019-03-20,42.5,33.5,1020.4,7.7,13.0,25.1,46.9,39.9,0.0,999.9,0,25
4,2019,03,21,2019-03-21,40.4,35.1,1014.6,7.5,15.0,22.9,46.0,37.0,0.08,999.9,0,30
5,2019,03,22,2019-03-22,40.6,28.8,1017.8,10.0,18.1,25.1,46.9,35.1,0.0,999.9,0,43
6,2019,03,23,2019-03-23,37.9,24.9,1026.3,10.0,8.9,999.9,53.1,27.0,0.0,999.9,0,41
7,2019,03,24,2019-03-24,46.0,31.5,1020.9,9.8,14.0,999.9,51.1,43.0,0.0,999.9,0,23
1,2019,03,25,2019-03-25,37.6,25.2,1024.3,9.6,20.0,31.1,43.0,34.0,0.11,999.9,0,19
2,2019,03,26,2019-03-26,36.1,13.6,1031.0,10.0,14.0,19.0,46.0,27.0,0.0,999.9,0,45
3,2019,03,27,2019-03-27,42.8,18.4,1026.9,10.0,15.9,28.0,59.0,30.9,0.0,999.9,0,41
4,2019,03,28,2019-03-28,53.5,39.4,1017.2,9.7,15.9,27.0,64.9,46.0,0.08,999.9,0,27
5,2019,03,29,2019-03-29,47.5,32.6,1017.9,10.0,9.9,999.9,55.0,42.1,0.01,999.9,0,32
6,2019,03,30,2019-03-30,40.2,32.9,1013.2,7.3,20.0,28.9,43.0,35.1,0.61,999.9,0,25
7,2019,03,31,2019-03-31,31.9,13.8,1024.8,9.6,15.9,24.1,39.9,24.1,0.22,999.9,0,34
1,2019,04,01,2019-04-01,36.5,20.1,1026.5,10.0,20.0,27.0,48.9,27.0,0.0,999.9,0,26
2,2019,04,02,2019-04-02,44.9,30.2,1017.4,9.8,21.0,28.9,57.0,37.9,0.0,999.9,0,21
3,2019,04,03,2019-04-03,47.0,28.4,1022.2,10.0,15.0,25.1,59.0,37.0,0.0,999.9,0,26
4,2019,04,04,2019-04-04,46.7,39.9,1027.0,8.0,14.0,21.0,54.0,42.8,0.16,999.9,0,26
5,2019,04,05,2019-04-05,45.0,39.5,1020.2,7.4,11.1,21.0,57.0,39.9,0.16,999.9,0,33
6,2019,04,06,2019-04-06,52.3,44.4,1019.8,6.2,12.0,999.9,64.9,42.1,0.0,999.9,1,32
7,2019,04,07,2019-04-07,59.4,49.9,1013.3,10.0,15.9,28.9,70.0,53.1,0.0,999.9,0,28
1,2019,04,08,2019-04-08,62.7,47.2,1010.0,10.0,19.0,29.9,73.9,53.1,0.08,999.9,0,28
2,2019,04,09,2019-04-09,60.9,35.8,1009.8,10.0,17.1,24.1,71.1,46.9,0.0,999.9,0,26
3,2019,04,10,2019-04-10,41.6,31.5,1015.0,9.8,24.1,33.0,64.0,36.0,0.0,999.9,0,22
4,2019,04,11,2019-04-11,45.6,35.7,1007.5,10.0,22.0,33.0,61.0,39.0,0.06,999.9,0,29
5,2019,04,12,2019-04-12,50.6,36.2,1005.1,9.2,26.0,39.0,61.0,43.0,0.47,999.9,0,29
6,2019,04,13,2019-04-13,44.3,24.4,1017.7,10.0,14.0,27.0,54.0,37.0,0.13,999.9,0,34
7,2019,04,14,2019-04-14,37.1,29.8,1012.8,5.1,21.0,31.1,51.1,33.1,0.05,3.1,1,25
1,2019,04,15,2019-04-15,39.9,29.3,1016.4,8.4,12.0,19.0,54.0,30.9,0.4,1.2,0,24
2,2019,04,16,2019-04-16,57.8,42.6,1013.7,10.0,14.0,20.0,75.0,48.9,0.0,999.9,0,28
3,2019,04,17,2019-04-17,57.9,47.2,1010.9,8.8,17.1,33.0,77.0,46.9,0.0,999.9,0,22
4,2019,04,18,2019-04-18,58.6,51.7,1001.6,8.0,19.0,31.1,75.0,48.0,0.08,999.9,0,32
5,2019,04,19,2019-04-19,44.5,34.7,1009.4,9.9,26.0,42.0,48.9,41.0,0.44,999.9,0,29
6,2019,04,20,2019-04-20,50.6,19.6,1010.0,10.0,22.9,33.0,64.9,41.0,0.0,999.9,0,30
7,2019,04,21,2019-04-21,59.6,24.4,1013.9,10.0,13.0,22.0,78.1,45.0,0.0,999.9,0,15
1,2019,04,22,2019-04-22,68.4,42.2,1015.8,10.0,20.0,31.1,80.1,57.9,0.0,999.9,0,36
2,2019,04,23,2019-04-23,59.1,49.0,1014.0,9.5,15.9,27.0,71.1,51.1,0.19,999.9,0,28
3,2019,04,24,2019-04-24,53.9,37.8,1015.9,10.0,11.1,999.9,64.9,45.0,0.0,999.9,0,27
4,2019,04,25,2019-04-25,57.7,37.7,1008.7,10.0,8.9,999.9,66.0,46.9,0.0,999.9,0,38
5,2019,04,26,2019-04-26,56.5,37.4,1007.6,9.7,22.9,35.0,64.9,50.0,0.06,999.9,0,34
6,2019,04,27,2019-04-27,42.9,30.2,1013.0,7.1,21.0,28.9,61.0,33.1,0.03,1.2,1,25
7,2019,04,28,2019-04-28,41.5,27.4,1020.0,8.9,18.1,28.9,51.1,33.1,0.85,1.2,0,27
1,2019,04,29,2019-04-29,46.8,39.7,1018.5,8.2,20.0,33.0,53.1,43.0,0.4,999.9,0,41
2,2019,04,30,2019-04-30,46.1,44.0,1022.5,5.4,15.9,24.1,52.0,39.9,1.14,999.9,0,43
3,2019,05,01,2019-05-01,52.9,50.6,1014.9,6.8,19.0,28.9,61.0,45.0,1.29,999.9,0,27
4,2019,05,02,2019-05-02,45.8,43.7,1019.2,4.6,12.0,15.0,51.1,43.0,0.04,999.9,0,28
5,2019,05,03,2019-05-03,48.6,40.4,1019.0,8.8,15.0,22.0,57.0,44.1,0.32,999.9,0,32
6,2019,05,04,2019-05-04,50.9,38.3,1016.4,10.0,11.1,999.9,61.0,42.1,0.02,999.9,0,39
7,2019,05,05,2019-05-05,58.8,39.6,1012.1,10.0,12.0,18.1,73.9,44.1,0.0,999.9,0,50
1,2019,05,06,2019-05-06,60.7,47.3,1014.0,10.0,14.0,20.0,72.0,51.1,0.0,999.9,0,28
2,2019,05,07,2019-05-07,47.4,41.9,1022.1,8.3,17.1,22.0,51.1,45.0,0.41,999.9,0,35
3,2019,05,08,2019-05-08,53.7,41.7,1018.6,10.0,17.1,25.1,75.9,45.0,0.1,999.9,0,35
4,2019,05,09,2019-05-09,63.2,56.4,1006.6,7.3,17.1,28.0,73.0,53.1,0.38,999.9,0,30
5,2019,05,10,2019-05-10,50.1,38.4,1017.2,10.0,13.0,17.1,55.9,45.0,0.0,999.9,0,32
6,2019,05,11,2019-05-11,48.1,37.5,1020.2,10.0,14.0,999.9,54.0,46.0,0.0,999.9,0,32
7,2019,05,12,2019-05-12,47.2,38.0,1012.3,10.0,14.0,21.0,53.1,44.1,0.07,999.9,0,29
1,2019,05,13,2019-05-13,50.4,38.6,1012.5,9.9,14.0,19.0,61.0,43.0,0.08,999.9,0,41
2,2019,05,14,2019-05-14,55.7,36.8,1016.4,10.0,13.0,999.9,70.0,43.0,0.0,999.9,0,29
3,2019,05,15,2019-05-15,63.6,43.2,1014.2,10.0,7.0,999.9,75.0,52.0,0.0,999.9,0,40
4,2019,05,16,2019-05-16,67.0,54.9,1009.7,9.8,13.0,31.1,75.9,59.0,0.0,999.9,0,28
5,2019,05,17,2019-05-17,57.5,50.7,1010.2,9.5,18.1,27.0,75.0,46.0,0.28,999.9,0,40
6,2019,05,18,2019-05-18,58.0,50.0,1010.5,9.4,22.9,41.0,82.9,45.0,0.13,999.9,0,24
7,2019,05,19,2019-05-19,66.1,59.2,1003.3,9.5,25.1,36.9,75.0,53.1,0.47,999.9,0,33
1,2019,05,20,2019-05-20,54.1,43.4,1014.4,10.0,22.0,33.0,69.1,48.9,0.29,999.9,0,37
2,2019,05,21,2019-05-21,49.5,40.6,1019.6,9.8,20.0,28.9,54.0,46.0,0.05,999.9,0,23
3,2019,05,22,2019-05-22,63.9,52.1,1011.9,9.0,20.0,28.9,82.0,51.1,0.79,999.9,0,37
4,2019,05,23,2019-05-23,72.1,56.4,1014.0,10.0,17.1,29.9,80.1,64.9,0.02,999.9,0,35
5,2019,05,24,2019-05-24,64.5,52.2,1017.7,9.8,13.0,24.1,73.9,55.9,0.06,999.9,0,26
6,2019,05,25,2019-05-25,76.4,64.4,1011.8,10.0,15.9,28.0,82.9,66.9,0.05,999.9,0,29
7,2019,05,26,2019-05-26,70.9,59.8,1015.0,10.0,11.1,15.9,82.0,64.0,0.0,999.9,0,37
1,2019,05,27,2019-05-27,62.7,53.5,1016.5,9.0,18.1,25.1,75.9,55.0,0.01,999.9,1,31
2,2019,05,28,2019-05-28,65.7,61.0,1005.5,9.5,24.1,35.0,72.0,53.6,1.28,999.9,0,25
3,2019,05,29,2019-05-29,60.0,55.2,1007.6,6.5,15.9,22.0,73.9,51.8,0.74,999.9,0,33
4,2019,05,30,2019-05-30,66.9,58.2,1007.1,9.4,15.0,20.0,80.1,60.1,0.13,999.9,0,29
5,2019,05,31,2019-05-31,71.4,57.9,1009.7,10.0,15.0,22.0,82.9,61.0,0.0,999.9,0,30
6,2019,06,01,2019-06-01,71.4,61.1,1008.1,10.0,22.9,36.9,82.0,57.9,0.0,999.9,0,30
7,2019,06,02,2019-06-02,60.9,45.4,1012.0,10.0,15.0,22.9,69.1,53.1,0.03,999.9,0,33
1,2019,06,03,2019-06-03,58.9,40.0,1018.4,10.0,9.9,999.9,68.0,51.1,0.0,999.9,0,29
2,2019,06,04,2019-06-04,67.0,52.2,1014.8,9.6,15.0,26.0,82.9,57.9,0.0,999.9,0,37
3,2019,06,05,2019-06-05,75.5,65.0,1006.0,9.4,13.0,22.0,86.0,66.9,0.53,999.9,0,23
4,2019,06,06,2019-06-06,66.4,58.9,1010.9,8.1,11.1,17.1,75.9,59.0,0.01,999.9,0,26
5,2019,06,07,2019-06-07,67.3,57.4,1013.5,9.3,15.0,20.0,80.1,57.0,0.0,999.9,0,39
6,2019,06,08,2019-06-08,68.6,53.8,1014.4,10.0,14.0,20.0,79.0,60.1,0.0,999.9,0,37
7,2019,06,09,2019-06-09,69.7,60.3,1013.2,9.0,9.9,999.9,73.9,66.0,0.0,999.9,0,38
1,2019,06,10,2019-06-10,68.3,54.3,1016.5,8.4,18.1,29.9,75.9,62.1,0.03,999.9,0,37
2,2019,06,11,2019-06-11,69.9,43.5,1020.0,10.0,12.0,15.9,82.0,57.9,0.0,999.9,0,35
3,2019,06,12,2019-06-12,69.5,48.3,1012.9,9.8,12.0,25.1,78.1,60.8,0.0,999.9,0,38
4,2019,06,13,2019-06-13,59.0,48.0,1010.0,9.6,22.9,28.9,69.1,52.0,0.72,999.9,0,28
5,2019,06,14,2019-06-14,66.0,44.2,1014.8,10.0,22.0,35.0,81.0,52.0,0.02,999.9,0,41
6,2019,06,15,2019-06-15,67.4,58.9,1008.8,9.0,17.1,25.1,75.9,62.1,0.04,999.9,0,33
7,2019,06,16,2019-06-16,59.9,57.4,1009.4,4.8,13.0,999.9,69.1,57.0,0.2,999.9,1,30
1,2019,06,17,2019-06-17,59.8,54.6,1014.6,9.0,11.1,999.9,68.0,55.9,0.09,999.9,0,34
2,2019,06,18,2019-06-18,65.1,57.4,1013.6,6.8,8.0,999.9,79.0,57.0,0.0,999.9,1,29
3,2019,06,19,2019-06-19,67.4,59.0,1008.3,8.7,13.0,17.1,75.9,57.9,0.0,999.9,0,25
4,2019,06,20,2019-06-20,60.4,57.1,1005.0,6.5,15.0,20.0,70.0,55.4,0.5,999.9,0,29
5,2019,06,21,2019-06-21,63.0,48.8,1014.4,10.0,12.0,999.9,72.0,53.1,0.01,999.9,0,23
6,2019,06,22,2019-06-22,69.1,55.6,1015.5,10.0,17.1,22.9,81.0,60.1,0.0,999.9,0,28
7,2019,06,23,2019-06-23,74.2,64.9,1012.0,9.8,15.0,24.1,82.0,66.0,0.12,999.9,0,34
1,2019,06,24,2019-06-24,73.2,68.5,1003.1,9.9,19.0,29.9,79.0,71.1,0.13,999.9,0,36
2,2019,06,25,2019-06-25,74.0,60.1,1008.7,10.0,22.0,35.0,87.1,63.0,0.05,999.9,0,39
3,2019,06,26,2019-06-26,79.3,62.3,1014.6,10.0,13.0,20.0,90.0,70.0,0.0,999.9,0,24
4,2019,06,27,2019-06-27,77.9,67.0,1018.8,10.0,11.1,20.0,90.0,69.1,0.16,999.9,0,27
5,2019,06,28,2019-06-28,78.5,67.0,1018.5,9.7,18.1,31.1,91.0,71.1,0.0,999.9,0,35
6,2019,06,29,2019-06-29,80.4,68.0,1017.5,10.0,11.1,999.9,87.1,72.0,0.45,999.9,0,36
7,2019,06,30,2019-06-30,78.4,66.3,1015.8,9.7,25.1,42.9,89.1,72.0,0.0,999.9,0,30
1,2019,07,01,2019-07-01,79.2,69.1,1014.4,10.0,9.9,15.9,91.0,70.0,0.26,999.9,0,40
2,2019,07,02,2019-07-02,84.9,71.2,1011.2,10.0,15.9,22.0,91.9,77.0,0.0,999.9,0,30
3,2019,07,03,2019-07-03,77.3,70.4,1011.3,9.4,19.0,27.0,86.0,71.1,1.34,999.9,0,40
4,2019,07,04,2019-07-04,78.8,69.7,1012.6,9.0,11.1,17.1,91.0,70.0,0.01,999.9,0,33
5,2019,07,05,2019-07-05,82.8,71.5,1013.8,9.3,11.1,15.9,91.9,75.9,0.0,999.9,0,39
6,2019,07,06,2019-07-06,80.1,69.6,1014.1,9.8,15.9,24.1,89.1,73.0,0.0,999.9,0,48
7,2019,07,07,2019-07-07,72.0,59.7,1016.0,10.0,17.1,22.9,79.0,66.9,0.0,999.9,0,37
1,2019,07,08,2019-07-08,73.3,54.0,1016.7,10.0,13.0,999.9,82.9,64.9,0.0,999.9,0,27
2,2019,07,09,2019-07-09,76.8,59.7,1015.4,9.8,9.9,20.0,89.1,66.9,0.0,999.9,0,22
3,2019,07,10,2019-07-10,85.0,68.0,1011.6,9.9,13.0,24.1,96.1,75.9,0.0,999.9,0,31
4,2019,07,11,2019-07-11,78.7,62.5,1011.5,10.0,12.0,19.0,91.9,71.1,0.0,999.9,0,33
5,2019,07,12,2019-07-12,74.1,57.4,1014.0,10.0,9.9,999.9,87.1,62.1,0.0,999.9,0,46
6,2019,07,13,2019-07-13,82.4,65.4,1013.5,10.0,15.0,21.0,93.9,73.0,0.0,999.9,0,37
7,2019,07,14,2019-07-14,80.2,65.8,1017.5,10.0,13.0,999.9,90.0,73.0,0.14,999.9,0,28
1,2019,07,15,2019-07-15,82.3,67.0,1016.2,10.0,19.0,28.9,91.9,75.0,0.0,999.9,0,38
2,2019,07,16,2019-07-16,77.6,69.6,1012.8,9.3,15.0,22.9,86.0,72.0,0.07,999.9,0,30
3,2019,07,17,2019-07-17,81.6,72.5,1011.1,9.7,9.9,999.9,91.0,73.9,0.08,999.9,0,33
4,2019,07,18,2019-07-18,79.2,73.5,1009.8,8.7,18.1,28.0,88.0,71.1,0.28,999.9,0,34
5,2019,07,19,2019-07-19,86.5,77.9,1008.1,10.0,15.0,22.0,95.0,81.0,1.43,999.9,0,39
6,2019,07,20,2019-07-20,86.0,75.8,1009.4,10.0,20.0,33.0,97.0,75.9,0.01,999.9,0,32
7,2019,07,21,2019-07-21,75.7,68.6,1011.7,9.9,15.9,22.0,81.0,71.1,0.32,999.9,0,28
1,2019,07,22,2019-07-22,71.9,55.7,1015.7,10.0,19.0,27.0,75.9,68.0,0.0,999.9,0,36
2,2019,07,23,2019-07-23,70.8,54.8,1018.2,10.0,14.0,19.0,81.0,62.1,0.0,999.9,0,37
3,2019,07,24,2019-07-24,71.7,53.9,1020.0,10.0,9.9,14.0,80.1,62.1,0.0,999.9,0,18
4,2019,07,25,2019-07-25,74.3,53.3,1020.9,10.0,8.9,15.9,86.0,63.0,0.0,999.9,0,36
5,2019,07,26,2019-07-26,76.7,60.4,1020.9,10.0,15.0,20.0,86.0,68.0,0.0,999.9,0,30
6,2019,07,27,2019-07-27,80.2,64.1,1018.4,10.0,17.1,28.0,89.1,72.0,0.0,999.9,0,36
7,2019,07,28,2019-07-28,81.5,66.3,1016.1,10.0,17.1,24.1,90.0,73.0,0.0,999.9,0,41
1,2019,07,29,2019-07-29,77.5,68.4,1011.3,9.6,14.0,22.9,87.1,72.0,0.0,999.9,0,33
2,2019,07,30,2019-07-30,73.3,64.3,1014.1,10.0,11.1,18.1,79.0,66.9,0.68,999.9,0,31
3,2019,07,31,2019-07-31,70.3,56.1,1019.9,10.0,13.0,19.0,75.9,63.0,0.0,999.9,0,35
4,2019,08,01,2019-08-01,71.0,55.3,1021.0,10.0,11.1,15.9,80.1,60.1,0.0,999.9,0,44
5,2019,08,02,2019-08-02,74.2,57.2,1020.0,10.0,9.9,20.0,82.0,63.0,0.0,999.9,0,38
6,2019,08,03,2019-08-03,76.5,60.2,1017.8,10.0,8.9,999.9,89.1,64.0,0.0,999.9,0,26
7,2019,08,04,2019-08-04,79.4,62.2,1015.9,10.0,8.9,999.9,86.0,73.0,0.0,999.9,0,32
1,2019,08,05,2019-08-05,80.1,65.3,1013.6,10.0,14.0,20.0,91.0,71.1,0.0,999.9,0,38
2,2019,08,06,2019-08-06,77.1,66.0,1008.6,9.5,13.0,17.1,87.1,70.0,0.27,999.9,0,36
3,2019,08,07,2019-08-07,77.8,63.4,1009.2,10.0,14.0,21.0,88.0,68.0,0.0,999.9,0,33
4,2019,08,08,2019-08-08,80.2,60.1,1008.5,10.0,17.1,28.9,88.0,73.0,0.0,999.9,0,33
5,2019,08,09,2019-08-09,73.8,54.6,1012.7,10.0,8.9,17.1,82.9,63.0,0.0,999.9,0,38
6,2019,08,10,2019-08-10,75.0,56.8,1014.8,10.0,11.1,15.9,86.0,66.9,0.0,999.9,0,30
7,2019,08,11,2019-08-11,75.7,60.7,1014.8,10.0,11.1,20.0,84.0,69.1,0.0,999.9,0,33
1,2019,08,12,2019-08-12,77.3,71.6,1011.2,8.0,15.0,20.0,82.9,73.9,0.0,999.9,0,37
2,2019,08,13,2019-08-13,76.1,70.4,1008.7,6.4,12.0,999.9,84.9,70.0,0.54,999.9,0,36
3,2019,08,14,2019-08-14,73.8,67.3,1012.1,9.6,17.1,24.1,84.0,66.0,0.23,999.9,0,31
4,2019,08,15,2019-08-15,71.5,62.1,1014.4,10.0,12.0,19.0,78.1,64.9,0.45,999.9,0,31
5,2019,08,16,2019-08-16,73.2,62.5,1012.9,10.0,15.9,25.1,84.9,64.9,0.0,999.9,0,37
6,2019,08,17,2019-08-17,74.7,68.0,1011.2,10.0,8.9,999.9,82.0,69.1,0.0,999.9,0,34
7,2019,08,18,2019-08-18,75.1,69.2,1009.8,9.5,18.1,42.9,82.9,69.1,0.07,999.9,0,44
1,2019,08,19,2019-08-19,77.8,68.4,1013.7,10.0,8.9,999.9,84.9,71.1,1.37,999.9,0,34
2,2019,08,20,2019-08-20,75.9,71.3,1014.3,9.6,13.0,19.0,81.0,71.1,0.0,999.9,0,26
3,2019,08,21,2019-08-21,74.0,67.5,1013.4,9.9,13.0,22.0,84.0,64.9,0.17,999.9,0,32
4,2019,08,22,2019-08-22,74.3,62.2,1014.5,10.0,15.9,21.0,78.1,69.1,0.0,999.9,0,34
5,2019,08,23,2019-08-23,70.6,53.4,1020.1,10.0,15.0,19.0,75.0,66.0,0.0,999.9,0,24
6,2019,08,24,2019-08-24,69.4,52.3,1023.3,10.0,13.0,21.0,73.9,63.0,0.0,999.9,0,33
7,2019,08,25,2019-08-25,70.0,53.1,1019.1,10.0,13.0,21.0,78.1,62.1,0.0,999.9,0,27
1,2019,08,26,2019-08-26,72.2,64.1,1009.9,9.6,15.0,22.9,78.1,66.0,0.13,999.9,0,33
2,2019,08,27,2019-08-27,72.9,63.3,1007.9,10.0,15.9,28.0,81.0,66.0,0.45,999.9,0,29
3,2019,08,28,2019-08-28,69.6,52.5,1012.4,10.0,19.0,31.1,77.0,60.1,0.0,999.9,0,28
4,2019,08,29,2019-08-29,71.5,57.4,1012.8,10.0,22.0,32.1,86.0,60.1,0.0,999.9,0,38
5,2019,08,30,2019-08-30,70.8,53.7,1016.6,10.0,14.0,18.1,80.1,62.1,0.0,999.9,0,42
6,2019,08,31,2019-08-31,68.3,52.4,1023.4,10.0,15.0,15.9,75.9,64.0,0.0,999.9,0,25
7,2019,09,01,2019-09-01,67.4,61.0,1020.2,8.9,12.0,999.9,73.0,62.1,0.78,999.9,0,35
1,2019,09,02,2019-09-02,71.3,62.2,1018.0,8.4,8.0,999.9,82.9,62.1,0.67,999.9,0,31
2,2019,09,03,2019-09-03,73.1,65.5,1012.9,9.9,22.0,40.0,81.0,68.0,0.0,999.9,0,26
3,2019,09,04,2019-09-04,68.4,57.0,1015.7,10.0,15.0,20.0,81.0,62.1,0.17,999.9,0,24
4,2019,09,05,2019-09-05,64.8,51.9,1020.4,10.0,8.9,999.9,73.9,57.0,0.0,999.9,0,29
5,2019,09,06,2019-09-06,68.4,58.4,1013.6,10.0,15.0,24.1,75.0,64.9,0.0,999.9,0,32
6,2019,09,07,2019-09-07,68.1,56.3,1016.5,10.0,14.0,20.0,79.0,57.0,0.0,999.9,0,27
7,2019,09,08,2019-09-08,66.1,55.9,1018.1,10.0,11.1,999.9,73.0,62.1,0.0,999.9,0,38
1,2019,09,09,2019-09-09,67.5,60.2,1020.6,10.0,9.9,999.9,78.1,62.6,0.05,999.9,0,30
2,2019,09,10,2019-09-10,79.4,67.8,1016.9,10.0,17.1,25.1,91.0,73.0,0.01,999.9,0,23
3,2019,09,11,2019-09-11,81.6,71.7,1017.4,9.8,17.1,24.1,91.0,75.0,0.0,999.9,0,43
4,2019,09,12,2019-09-12,74.2,68.8,1017.3,9.4,17.1,28.0,84.9,68.0,0.37,999.9,0,31
5,2019,09,13,2019-09-13,75.1,66.4,1015.4,9.5,20.0,28.9,80.1,70.0,0.63,999.9,0,35
6,2019,09,14,2019-09-14,68.4,56.2,1020.9,10.0,12.0,19.0,81.0,57.9,0.01,999.9,0,37
7,2019,09,15,2019-09-15,71.6,63.1,1017.4,9.2,15.0,25.1,78.1,64.0,0.0,999.9,0,46
1,2019,09,16,2019-09-16,72.2,67.5,1017.8,8.6,8.9,999.9,77.0,69.1,0.15,999.9,0,27
2,2019,09,17,2019-09-17,70.3,64.7,1020.0,7.5,9.9,999.9,79.0,66.0,0.0,999.9,0,18
3,2019,09,18,2019-09-18,72.6,61.4,1018.9,10.0,9.9,17.1,82.9,64.0,0.0,999.9,0,35
4,2019,09,19,2019-09-19,74.3,58.0,1017.5,10.0,8.9,999.9,84.9,64.0,0.0,999.9,0,38
5,2019,09,20,2019-09-20,76.0,65.1,1018.1,9.8,7.0,999.9,86.0,69.1,0.01,999.9,0,36
6,2019,09,21,2019-09-21,76.6,67.9,1017.7,10.0,15.9,29.9,82.9,73.0,0.0,999.9,0,31
7,2019,09,22,2019-09-22,73.2,68.0,1013.3,8.7,17.1,25.1,78.1,71.1,0.55,999.9,0,26
1,2019,09,23,2019-09-23,68.8,58.2,1013.7,9.8,15.0,27.0,75.0,62.1,0.5,999.9,0,32
2,2019,09,24,2019-09-24,68.1,55.2,1014.2,10.0,15.0,25.1,80.1,57.9,0.0,999.9,0,33
3,2019,09,25,2019-09-25,70.8,57.0,1006.8,10.0,15.0,25.1,80.1,66.0,0.0,999.9,0,33
4,2019,09,26,2019-09-26,66.8,45.8,1012.0,10.0,12.0,21.0,75.0,57.0,0.0,999.9,0,33
5,2019,09,27,2019-09-27,64.7,50.4,1010.0,8.8,18.1,29.9,70.0,60.1,0.0,999.9,0,35
6,2019,09,28,2019-09-28,63.6,61.2,1015.3,5.7,17.1,27.0,71.1,59.0,1.54,999.9,0,34
7,2019,09,29,2019-09-29,64.1,60.7,1020.9,8.3,13.0,21.0,69.8,60.1,0.73,999.9,0,32
1,2019,09,30,2019-09-30,73.9,67.4,1016.3,7.0,15.9,25.1,87.1,64.9,0.1,999.9,1,40
2,2019,10,01,2019-10-01,79.7,68.6,1012.5,10.0,11.1,19.0,88.0,72.0,0.0,999.9,0,40
3,2019,10,02,2019-10-02,68.3,63.0,1011.5,7.2,12.0,22.9,84.9,60.1,0.0,999.9,0,34
4,2019,10,03,2019-10-03,63.1,57.8,1015.4,7.7,17.1,25.1,70.0,59.0,0.59,999.9,0,31
5,2019,10,04,2019-10-04,54.1,44.9,1026.6,10.0,14.0,999.9,59.0,48.0,0.18,999.9,0,22
6,2019,10,05,2019-10-05,56.0,46.0,1021.5,9.6,13.0,21.0,64.9,48.9,0.0,999.9,0,41
7,2019,10,06,2019-10-06,60.3,47.3,1016.6,10.0,15.0,20.0,69.1,51.1,0.28,999.9,0,36
1,2019,10,07,2019-10-07,60.1,43.3,1021.0,10.0,12.0,20.0,71.1,48.0,0.0,999.9,0,28
2,2019,10,08,2019-10-08,59.8,43.0,1022.5,10.0,8.0,999.9,71.1,48.0,0.0,999.9,0,22
3,2019,10,09,2019-10-09,61.7,45.0,1020.4,10.0,12.0,15.9,72.0,53.1,0.0,999.9,0,25
4,2019,10,10,2019-10-10,62.9,52.5,1017.4,9.9,13.0,20.0,71.1,54.0,0.0,999.9,0,23
5,2019,10,11,2019-10-11,60.0,54.8,1012.0,8.9,17.1,27.0,71.1,43.0,0.11,999.9,0,30
6,2019,10,12,2019-10-12,44.2,26.8,1015.9,10.0,21.0,33.0,55.0,37.0,0.45,999.9,0,43
7,2019,10,13,2019-10-13,48.1,32.4,1010.8,10.0,20.0,28.9,55.9,37.9,0.0,999.9,0,23
1,2019,10,14,2019-10-14,46.5,31.6,1017.2,10.0,14.0,21.0,55.0,39.0,0.0,999.9,0,29
2,2019,10,15,2019-10-15,52.3,41.4,1013.8,9.6,17.1,25.1,66.0,42.1,0.0,999.9,0,38
3,2019,10,16,2019-10-16,49.5,36.7,1011.5,10.0,21.0,29.9,62.1,46.0,0.01,999.9,0,25
4,2019,10,17,2019-10-17,47.0,36.4,1016.9,10.0,8.9,999.9,55.9,41.0,0.0,999.9,0,25
5,2019,10,18,2019-10-18,49.2,38.7,1017.4,10.0,11.1,20.0,60.1,39.0,0.0,999.9,0,32
6,2019,10,19,2019-10-19,56.3,40.2,1010.5,10.0,12.0,22.0,70.0,46.0,0.0,999.9,0,26
7,2019,10,20,2019-10-20,56.7,48.1,1010.4,9.8,9.9,999.9,66.0,51.1,0.0,999.9,0,25
1,2019,10,21,2019-10-21,58.3,51.6,1004.3,7.2,24.1,39.0,68.0,50.0,0.0,999.9,1,21
2,2019,10,22,2019-10-22,50.8,39.1,1001.9,9.9,22.0,34.0,60.1,46.9,0.08,999.9,0,27
3,2019,10,23,2019-10-23,49.2,34.1,1012.2,10.0,12.0,21.0,60.1,39.9,0.05,999.9,0,35
4,2019,10,24,2019-10-24,48.6,39.3,1021.9,10.0,13.0,22.9,57.9,42.1,0.01,999.9,0,23
5,2019,10,25,2019-10-25,46.9,35.6,1027.2,10.0,7.0,999.9,50.0,44.1,0.0,999.9,0,33
6,2019,10,26,2019-10-26,44.9,39.9,1017.3,8.0,18.1,25.1,48.9,39.0,0.0,999.9,0,29
7,2019,10,27,2019-10-27,50.3,43.0,1007.6,7.4,20.0,28.0,59.0,44.1,2.29,999.9,0,28
1,2019,10,28,2019-10-28,48.8,42.3,1016.8,9.9,7.0,999.9,55.9,42.1,0.03,999.9,0,27
2,2019,10,29,2019-10-29,42.3,38.0,1021.1,6.3,17.1,26.0,48.0,37.0,0.11,999.9,0,26
3,2019,10,30,2019-10-30,38.5,34.0,1023.8,5.9,14.0,24.1,42.8,33.1,0.51,1.2,0,21
4,2019,10,31,2019-10-31,36.0,33.8,1010.4,2.0,19.0,28.9,42.8,32.0,0.49,2.0,1,23
5,2019,11,01,2019-11-01,33.1,24.3,1022.8,9.4,13.0,25.1,46.0,25.0,0.02,2.0,0,29
6,2019,11,02,2019-11-02,39.5,31.5,1020.7,8.5,17.1,25.1,45.0,36.0,0.0,999.9,0,36
7,2019,11,03,2019-11-03,40.4,28.5,1020.3,10.0,15.0,25.1,54.0,30.9,0.0,999.9,0,34
1,2019,11,04,2019-11-04,48.6,34.8,1014.2,10.0,13.0,22.9,54.0,44.1,0.0,999.9,0,22
2,2019,11,05,2019-11-05,39.1,25.3,1023.6,10.0,15.9,25.1,46.9,33.1,0.0,999.9,0,44
3,2019,11,06,2019-11-06,40.9,25.3,1026.5,10.0,19.0,28.0,57.9,30.9,0.0,999.9,0,34
4,2019,11,07,2019-11-07,30.2,17.8,1030.9,8.8,15.9,22.9,39.2,25.0,0.0,999.9,0,21
5,2019,11,08,2019-11-08,24.6,8.0,1032.9,10.0,13.0,19.0,33.1,17.1,0.0,999.9,0,31
6,2019,11,09,2019-11-09,34.8,17.6,1019.3,10.0,15.0,22.9,48.0,28.0,0.0,999.9,0,24
7,2019,11,10,2019-11-10,42.1,31.7,1015.3,10.0,9.9,999.9,45.0,37.9,0.0,999.9,0,22
1,2019,11,11,2019-11-11,30.5,25.7,1022.2,5.4,21.0,28.0,41.0,21.2,0.13,2.0,1,21
2,2019,11,12,2019-11-12,14.9,1.7,1032.8,10.0,17.1,29.9,23.0,9.0,0.02,2.0,0,25
3,2019,11,13,2019-11-13,17.3,3.8,1026.7,10.0,17.1,28.0,26.1,12.0,0.0,2.0,0,26
4,2019,11,14,2019-11-14,28.4,20.3,1023.0,9.2,11.1,17.1,33.1,25.0,0.0,2.0,0,30
5,2019,11,15,2019-11-15,28.5,20.4,1028.6,9.2,12.0,999.9,37.9,21.9,0.0,1.2,0,34
6,2019,11,16,2019-11-16,34.7,27.3,1029.9,9.4,11.1,999.9,42.1,28.9,0.0,1.2,0,29
7,2019,11,17,2019-11-17,34.2,26.6,1019.6,10.0,9.9,22.0,42.1,28.9,0.0,999.9,0,27
1,2019,11,18,2019-11-18,37.9,33.7,1010.2,5.9,8.0,999.9,42.1,36.0,0.0,999.9,0,31
2,2019,11,19,2019-11-19,38.3,32.9,1009.1,7.4,8.9,999.9,41.0,36.0,0.0,999.9,0,30
3,2019,11,20,2019-11-20,42.5,37.6,1020.1,5.2,8.9,999.9,48.9,39.0,0.03,999.9,0,28
4,2019,11,21,2019-11-21,47.8,42.0,1012.6,8.6,25.1,38.1,55.9,42.1,0.18,999.9,0,35
5,2019,11,22,2019-11-22,37.2,27.1,1021.1,10.0,15.9,22.9,46.9,32.0,0.31,999.9,0,22
6,2019,11,23,2019-11-23,32.4,25.7,1014.3,10.0,9.9,999.9,41.0,27.0,0.0,999.9,0,24
7,2019,11,24,2019-11-24,39.4,30.8,1006.0,10.0,11.1,18.1,50.0,33.1,0.0,999.9,0,38
1,2019,11,25,2019-11-25,45.5,36.8,1003.1,10.0,12.0,18.1,55.0,37.9,0.0,999.9,0,26
2,2019,11,26,2019-11-26,42.1,35.2,1008.4,9.3,11.1,19.0,50.0,33.1,0.0,999.9,0,28
3,2019,11,27,2019-11-27,45.8,39.6,1000.7,7.7,33.0,48.0,57.0,37.0,0.49,999.9,0,28
4,2019,11,28,2019-11-28,35.2,25.1,1029.7,10.0,17.1,29.9,39.0,32.0,0.14,999.9,0,18
5,2019,11,29,2019-11-29,37.2,33.8,1028.7,7.9,8.0,999.9,39.9,35.1,0.01,999.9,0,31
6,2019,11,30,2019-11-30,38.5,34.5,1014.7,6.5,18.1,28.0,41.0,36.0,0.02,999.9,0,23
7,2019,12,01,2019-12-01,40.5,37.7,996.1,6.5,15.9,22.0,43.0,37.0,0.16,999.9,0,36
1,2019,12,02,2019-12-02,33.3,26.8,1013.5,9.6,15.9,22.9,37.9,30.9,0.06,999.9,0,26
2,2019,12,03,2019-12-03,33.5,26.3,1011.2,9.7,15.9,24.1,39.9,30.0,0.0,999.9,0,24
3,2019,12,04,2019-12-04,37.6,28.4,1005.2,10.0,19.0,28.9,44.1,32.0,0.0,999.9,0,36
4,2019,12,05,2019-12-05,36.8,28.0,1015.7,10.0,9.9,17.1,46.0,28.0,0.0,999.9,0,24
5,2019,12,06,2019-12-06,39.2,29.3,1020.8,10.0,17.1,25.1,45.0,32.0,0.0,999.9,0,28
6,2019,12,07,2019-12-07,32.0,23.4,1029.0,10.0,12.0,999.9,39.0,25.0,0.0,999.9,0,38
7,2019,12,08,2019-12-08,39.9,31.4,1017.0,9.1,15.0,31.1,48.2,35.1,0.0,999.9,0,32
1,2019,12,09,2019-12-09,47.2,43.9,1002.9,5.9,22.9,34.0,48.9,37.9,0.01,999.9,0,36
2,2019,12,10,2019-12-10,23.2,13.2,1017.8,9.8,21.0,32.1,37.9,15.1,0.01,999.9,0,32
3,2019,12,11,2019-12-11,19.2,8.3,1030.4,9.2,18.1,26.0,25.0,14.0,0.0,999.9,0,29
4,2019,12,12,2019-12-12,30.1,19.1,1028.4,9.4,18.1,33.0,46.0,19.9,0.0,999.9,0,42
5,2019,12,13,2019-12-13,39.7,27.6,1015.4,10.0,13.0,24.1,45.0,37.0,0.0,999.9,0,37
6,2019,12,14,2019-12-14,34.2,28.0,1008.2,8.8,15.0,22.0,41.0,30.0,0.0,999.9,0,38
7,2019,12,15,2019-12-15,24.8,15.1,1017.3,9.8,14.0,20.0,28.9,19.4,0.0,999.9,0,19
1,2019,12,16,2019-12-16,27.8,21.8,1022.4,7.6,9.9,999.9,30.9,24.8,0.0,999.9,0,25
2,2019,12,17,2019-12-17,26.6,18.9,1020.9,9.9,18.1,25.1,30.9,19.9,0.0,999.9,0,29
3,2019,12,18,2019-12-18,21.3,6.6,1024.6,9.9,15.0,21.0,28.9,12.9,0.0,999.9,0,21
4,2019,12,19,2019-12-19,24.3,9.6,1027.4,9.9,15.0,25.1,37.0,16.0,0.0,999.9,0,17
5,2019,12,20,2019-12-20,31.3,24.7,1030.3,6.9,7.0,999.9,41.0,24.1,0.0,999.9,0,33
6,2019,12,21,2019-12-21,39.0,28.5,1028.4,9.8,11.1,17.1,48.9,32.0,0.0,999.9,0,21
7,2019,12,22,2019-12-22,40.4,29.9,1024.9,10.0,11.1,18.1,53.1,32.0,0.0,999.9,0,35
1,2019,12,23,2019-12-23,42.8,31.8,1019.3,10.0,13.0,22.9,53.1,36.0,0.0,999.9,0,20
2,2019,12,24,2019-12-24,40.8,34.7,1018.3,6.8,11.1,21.0,55.0,28.0,0.0,999.9,1,21
3,2019,12,25,2019-12-25,48.8,40.0,1012.9,10.0,13.0,20.0,61.0,39.9,0.0,999.9,0,33
4,2019,12,26,2019-12-26,56.3,48.8,1013.0,10.0,14.0,21.0,62.1,51.1,0.0,999.9,0,30
5,2019,12,27,2019-12-27,38.3,32.1,1022.1,8.4,14.0,20.0,55.0,33.1,0.0,999.9,0,41
6,2019,12,28,2019-12-28,36.0,31.3,1023.5,6.3,11.1,999.9,46.0,30.0,0.0,999.9,0,23
7,2019,12,29,2019-12-29,54.3,50.9,1005.1,7.6,17.1,28.9,57.9,46.0,0.76,999.9,0,42
1,2019,12,30,2019-12-30,39.0,34.0,998.6,8.2,22.9,34.0,54.0,30.0,0.85,999.9,0,26
2,2019,12,31,2019-12-31,27.7,20.4,1006.2,7.1,26.0,42.9,30.9,26.1,0.01,1.2,0,19
